{"city":{"id":2644668,"name":"Leicester","coord":{"lon":-1.13169,"lat":52.638599},"country":"GB","population":0},"cod":"200","message":0.0141,"cnt":7,"list":[{"dt":1465300800,"temp":{"day":22.34,"min":15.77,"max":22.34,"night":15.77,"eve":22.34,"morn":22.34},"pressure":1031.38,"humidity":79,"weather":[{"id":803,"main":"Clouds","description":"broken clouds","icon":"04d"}],"speed":1.86,"deg":202,"clouds":56},{"dt":1465387200,"temp":{"day":19.26,"min":9.88,"max":19.26,"night":9.88,"eve":16.15,"morn":15.63},"pressure":1033.67,"humidity":92,"weather":[{"id":800,"main":"Clear","description":"clear sky","icon":"02d"}],"speed":3.76,"deg":53,"clouds":8},{"dt":1465473600,"temp":{"day":15.88,"min":10.29,"max":17.84,"night":12.51,"eve":17.84,"morn":10.29},"pressure":1031.33,"humidity":100,"weather":[{"id":500,"main":"Rain","description":"light rain","icon":"10d"}],"speed":2.06,"deg":145,"clouds":44},{"dt":1465560000,"temp":{"day":13.89,"min":10.21,"max":13.89,"night":10.21,"eve":11.68,"morn":11.71},"pressure":1024.23,"humidity":97,"weather":[{"id":501,"main":"Rain","description":"moderate rain","icon":"10d"}],"speed":4.56,"deg":75,"clouds":92,"rain":4.21},{"dt":1465646400,"temp":{"day":13.6,"min":10.38,"max":15.16,"night":10.38,"eve":14.93,"morn":10.41},"pressure":1023.29,"humidity":100,"weather":[{"id":500,"main":"Rain","description":"light rain","icon":"10d"}],"speed":3.94,"deg":96,"clouds":80,"rain":0.38},{"dt":1465732800,"temp":{"day":15.65,"min":13.12,"max":16.26,"night":13.12,"eve":16.26,"morn":14.29},"pressure":1002.85,"humidity":0,"weather":[{"id":501,"main":"Rain","description":"moderate rain","icon":"10d"}],"speed":5.76,"deg":219,"clouds":93,"rain":7.26},{"dt":1465819200,"temp":{"day":15.76,"min":11.7,"max":16.81,"night":11.7,"eve":16.81,"morn":13.01},"pressure":1001.98,"humidity":0,"weather":[{"id":501,"main":"Rain","description":"moderate rain","icon":"10d"}],"speed":6.51,"deg":312,"clouds":39,"rain":8.45}]}